ari,pct_change,p_value,converged
1,161.70533396526517,8.315878826689146e-10,TRUE
2,204.85664205959338,4.10397735747007e-7,TRUE
5,250.99426472460652,7.889646376713578e-4,TRUE
10,258.4804937588178,0.011362041734202792,TRUE
25,85.10872415991719,0.39182132967709743,TRUE
50,321.29791752415144,0.11257074731756997,TRUE
100,295.28848886025315,0.21302880484005465,TRUE
200,354.3665442690896,0.24082909800290409,TRUE
